{
  "_generated": "Generated by SweetTooth, do not edit",
  "description": "A GNOME extension to manage the built-in night light temperature",
  "gettext-domain": "night-light-slider.timur@linux.com",
  "gresource-data": "org.gnome.shell.extensions.nightlightslider.data.gresource",
  "name": "Night Light Slider",
  "settings-schema": "org.gnome.shell.extensions.nightlightslider",
  "shell-version": [
    "3.36",
    "3.38"
  ],
  "url": "https://codeberg.org/kiyui/gnome-shell-night-light-slider-extension",
  "uuid": "night-light-slider.timur@linux.com",
  "version": 18
}