{
  "_generated": "Generated by SweetTooth, do not edit",
  "description": "Simply showing network speed. Left click to change modes:\n\n1. Total net speed in bits per second\n2. Total net speed in Bytes per second\n3. Up & down speed in bits per second\n4. Up & down speed in Bytes per second\n5. Total of downloaded in Bytes (Right click to reset counter)\n\nMiddle click to change font size",
  "name": "Simple net speed",
  "shell-version": [
    "3.14",
    "3.16",
    "3.18",
    "3.20",
    "3.22",
    "3.24",
    "3.26",
    "3.28",
    "3.30",
    "3.34",
    "3.32",
    "3.36",
    "3.38",
    "3.40",
    "3.42",
    "3.44",
    "3.46",
    "3.48",
    "3.50",
    "3.52",
    "3.54",
    "3.56",
    "3.58",
    "3.60",
    "3.62",
    "3.64",
    "3.66",
    "3.68",
    "3.70",
    "3.72",
    "3.74",
    "3.76",
    "3.78",
    "3.80"
  ],
  "url": "https://github.com/biji/simplenetspeed",
  "uuid": "simplenetspeed@biji.extension",
  "version": 20
}